{
  "entity.pig.ambient1": {
    "sounds": [
      { "name": "entity/pig/ambient", "stream": false },
      { "name": "entity/pig/death", "stream": false },
      { "name": "entity/pig/hurt", "stream": false }
    ]
  },
  "entity.villager.ambient1": {
    "sounds": [
      { "name": "entity/villager/ambient", "stream": false},
      { "name": "entity/villager/no", "stream": false},
      { "name": "entity/villager/yes", "stream": false},
      { "name": "entity/villager/death", "stream": false}
    ]
  }
}
